{"experiment_id": "01_150W_200uM_08052021", "time_point": 1080.0, "dilution_factor": 1, "wavelengths": [800.0369873, 799.0648804, 797.9534302, 796.9805298, 796.0072632, 795.0336304, 794.0596313, 792.9459839, 791.9711304, 790.9959717, 790.0203857, 789.0444336, 788.0681152, 786.9518433, 785.9747314, 784.9972534, 784.0194092, 783.0411987, 782.062561, 780.9437256, 779.9643555, 778.9845581, 778.0044556, 777.0239868, 776.0430908, 775.0618896, 773.9400635, 772.9580078, 771.975647, 770.9929199, 770.0098267, 769.0263672, 768.0425415, 767.0583496, 765.9331055, 764.9481201, 763.9628296, 762.9771118, 761.9910889, 761.0046387, 760.0178833, 759.0307617, 758.0432739, 757.055481, 756.0672607, 754.937439, 753.9484863, 752.9591675, 751.9694824, 750.9794312, 749.9890747, 748.9983521, 748.0072632, 747.0158081, 746.0239868, 745.0318604, 744.0393677, 743.0465088, 742.0532837, 741.0597534, 740.0658569, 738.9295044, 737.9348755, 736.9398804, 735.944519, 734.9488525, 733.9528198, 732.9564209, 731.9596558, 730.9625854, 729.9651489, 728.9674072, 727.9692993, 726.9708252, 725.9720459, 724.9729004, 723.9733887, 722.9735718, 721.9733887, 720.9729004, 719.9720459, 718.9708252, 717.9692993, 716.9674683, 715.965271, 714.9627075, 713.9598389, 712.956604, 711.953064, 710.9491577, 709.9449463, 708.9403687, 707.9354858, 706.9302368, 706.0683594, 705.0625, 704.0563354, 703.0498047, 702.0429688, 701.0357666, 700.0282593, 699.0204468, 698.0122681, 697.0037842, 695.9949341, 694.9857788, 693.9763184, 692.9664917, 691.9563599, 690.9458618, 689.9350586, 689.0684204, 688.0570068, 687.0452881, 686.0332642, 685.020874, 684.0081787, 682.9951782, 681.9818726, 680.9682007, 679.9542236, 678.9398804, 678.0702515, 677.0553589, 676.0401001, 675.0245972, 674.008728, 672.9925537, 671.9760742, 670.9592896, 669.9421387, 669.0700684, 668.0523682, 667.0343018, 666.0159912, 664.9973145, 663.9783936, 662.9591064, 661.9395142, 661.0653076, 660.045105, 659.0246582, 658.0038452, 656.9827271, 655.9613037, 654.9395752, 654.0635376, 653.0412598, 652.0186768, 650.9957275, 649.9724731, 648.9489746, 648.0714111, 647.0473022, 646.0228882, 644.9981689, 643.9731445, 642.947876, 642.0687866, 641.0429077, 640.0167236, 638.9902344, 637.9634399, 636.9363403, 636.0557251, 635.0280762, 634.0001221, 632.9718628, 631.9433594, 631.0614624, 630.0324097, 629.0029907, 627.9732666, 626.9432983, 626.0602417, 625.0296631, 623.9988403, 622.9677124, 621.9362793, 621.052002, 620.0200195, 618.9877319, 617.9552002, 617.0698853, 616.0368042, 615.003418, 613.9697266, 612.935791, 612.0493164, 611.0148315, 609.9799805, 608.9449463, 608.0574951, 607.0218506, 605.9859619, 604.9497681, 604.0614014, 603.0247192, 601.9876709, 600.9504395, 600.0610962, 599.0232544, 597.9851685, 596.9468384, 596.0565796, 595.0176392, 593.9784546, 592.9390259, 592.0478516, 591.0078735, 589.9675903, 588.927063, 588.0349731, 586.9938965, 585.9525757, 585.0597534, 584.0179443, 582.9758301, 581.9334106, 581.0397339, 579.9968262, 578.9536743, 578.0592651, 577.015625, 575.9716187, 574.9274292, 574.0321655, 572.9874268, 571.9424438, 571.0465088, 570.0009766, 568.9552002, 568.0585938, 567.0123291, 565.9658203, 565.0685425, 564.0215454, 562.9742432, 561.9266968, 561.0285645, 559.9804688, 558.9321899, 558.0333862, 556.9845581, 555.9354858, 555.0360718, 553.9865112, 552.9367065, 552.0366821, 550.9863281, 549.935791, 549.0350952, 547.9840698, 546.9327393, 546.0314331, 544.9796143, 543.9276123, 543.0256348, 541.9730835, 541.0707397, 540.0177612, 538.9644775, 538.0615234, 537.0078125, 535.9537964, 535.0502319, 533.9957886, 532.9411011, 532.0368652, 530.9816895, 529.9262695, 529.0214233, 527.9655762, 527.0603027, 526.0039673, 524.9473877, 524.0415649, 522.9844971, 521.9271851, 521.020752, 519.9630127, 519.0561523, 517.9979858, 516.9395142, 516.0320435, 514.9731445, 514.0653687, 513.0059814, 511.9463806, 511.0379639, 509.9779358, 509.0691223, 508.0086365, 506.9479065, 506.0385132, 504.9773254, 504.0675659, 503.0059509, 501.9440918, 501.0337524, 499.9714355, 499.06073, 497.9979858, 496.9350281, 496.0237122, 494.9603271, 494.048645, 492.9848022, 492.0727539, 491.0084839, 489.9440002, 489.0313721, 487.9664612, 487.0534668, 485.9880981, 485.0747681, 484.0089722, 482.9429626, 482.0290833, 480.9626465, 480.0483704, 478.9815063, 478.0668945, 476.9996033, 475.9321289, 475.0169373, 473.9490356, 473.0334778, 471.9651489, 471.0492859, 469.9805298, 469.0643005, 467.9951477, 466.9257507, 466.0089722, 464.9391785, 464.0220642, 462.9518738, 462.0343933, 460.9637756, 460.0459595, 458.9749451, 458.0567932, 456.9853821, 456.066864, 454.9950562, 454.0762024, 453.0039978, 451.9315796, 451.012207, 449.9393921, 449.0196838, 447.9464722, 447.0263977, 445.9528198, 445.0324097, 443.9584351, 443.0377197, 441.9633179, 441.0422668, 439.9674988, 439.0461121, 437.9709778, 437.0492554, 435.9737244, 435.0516663, 433.975769, 433.0533752, 431.9770813, 431.0543823, 429.9777222, 429.0546875, 427.9776611, 427.0543213, 425.9768982, 425.0532227, 423.9754333, 423.0514526, 421.9732666, 421.0489807, 419.9704285, 419.0458069, 417.9669189, 417.0419922, 415.9627075, 415.0374756, 413.9578247, 413.0322876, 411.952301, 411.0264282, 409.9460754, 409.0198975, 407.9391785, 407.0126953, 405.9316406, 405.0048523, 403.9234009, 402.9963379, 402.0690918, 400.9871521, 400.0596313, 398.9773254, 398.0494995, 396.9668579, 396.0387268, 394.955719, 394.0273132, 392.9439697, 392.0152283, 390.9315491, 390.002533, 389.0733948, 387.9892273, 387.0597839, 385.9752502, 385.0455017, 383.9606628, 383.0306396, 381.9454346, 381.0151367, 379.9295959, 378.9990234, 378.0682678, 376.9822693, 376.0512695, 374.9649048, 374.0336304, 372.9469604, 372.0153809, 370.9283752, 369.996521, 369.0645447, 367.9770813, 367.0448303, 365.9570313, 365.0245056, 363.9363708, 363.0035706, 362.0706482, 360.9820557, 360.0488586, 358.9599609, 358.0264893, 356.9372864, 356.00354, 355.0696716, 353.980011, 353.0458679, 351.9559021, 351.0215149, 349.9312134, 348.9965515, 348.0617676, 346.9710388, 346.0360107, 344.9449768, 344.0096741, 343.0742493, 341.9827881, 341.0470886, 339.9553223, 339.0194092, 337.9273376, 336.9911499, 336.0548401, 334.9623413, 334.0257874, 332.9329834, 331.9961853, 331.0592651, 329.9660339, 329.0288696, 327.9353638, 326.9979248, 326.0603943, 324.9664917, 324.028717, 322.9344788, 321.99646, 321.0583496, 319.9637146, 319.0253601, 317.9304504, 316.9918518, 316.0531311, 314.9577942, 314.0188599, 312.9232788, 311.9840698, 311.0447693, 309.9487915, 309.0092468, 308.0696106, 306.9732361, 306.0333557, 304.9367065, 303.9966125, 303.056427, 301.9593811, 301.0189514, 299.9216309, 298.9809875, 298.0402222, 296.9425354, 296.0015564, 295.0604553, 293.9624023, 293.0210876, 291.92276, 290.9812317, 290.0396118, 288.940918, 287.999054, 287.0571289, 285.9580688, 285.0158997, 284.0736389, 282.9742126, 282.0317383, 280.9320679, 279.9893799, 279.0466003, 277.9465637, 277.0035706, 276.0604858, 274.960083, 274.0168152, 273.0734253, 271.9726868, 271.0290833, 269.9281006, 268.984314, 268.0404053, 266.9390869, 265.9949951, 265.0508118, 263.9491577, 263.0047913, 262.0603027, 260.958313, 260.0136414, 259.0688782, 257.9665527, 257.0216064, 256.0765686, 254.9738922, 254.028656, 252.9257813, 251.9803619, 251.0348358, 249.9320374, 248.9919891, 248.0518341, 246.954895, 246.0145721, 245.0741577, 243.9768982, 243.0363007, 241.9388275, 240.9980621, 240.0571899, 238.9594269, 238.0183868, 237.0772552, 235.979187, 235.0378876, 233.9396057, 232.9981384, 232.0565796, 230.9579926, 230.0162811, 229.0744629, 227.9756012, 227.0336304, 225.9345551, 224.9924164, 224.0501862, 222.9508362, 222.0084534, 221.065979, 219.9663391, 219.0237122, 217.9238892, 216.9810944, 216.0382233, 214.9381256, 213.9951019, 213.052002, 211.9516296, 211.0083618, 210.065033, 208.964386, 208.0209045, 207.0773468, 205.9764252, 205.0327148, 203.9316254, 202.9877625, 202.0438385, 200.9424896, 199.9983826],