{"experiment_id": "ms_7_82_set_1_200uM", "time_point": 1800.0, "dilution_factor": 1, "wavelengths": [800.0133667, 799.0407104, 798.067749, 796.9552612, 795.9814453, 795.0072021, 794.0326538, 793.0576782, 791.9429932, 790.9672241, 789.9911499, 789.0146484, 788.0377808, 787.0604858, 785.9432373, 784.9651489, 783.9867554, 783.0079956, 782.0288086, 781.0493164, 780.069397, 778.9490967, 777.9684448, 776.9873657, 776.0059814, 775.0241699, 774.0420532, 773.0595703, 771.9362183, 770.9529419, 769.9692993, 768.9852905, 768.0009155, 767.0161743, 766.0310669, 765.0455933, 764.0597534, 762.9326782, 761.9460449, 760.9591064, 759.9718018, 758.9841309, 757.9960938, 757.0076904, 756.0189209, 755.0297852, 754.0403442, 753.0505371, 752.0603638, 751.0698242, 749.9373779, 748.9460449, 747.9544067, 746.9624023, 745.9700928, 744.977356, 743.984314, 742.9909058, 741.9971313, 741.0030518, 740.008606, 739.0137939, 738.0186157, 737.0231323, 736.0272827, 735.0310669, 734.0345459, 733.0376587, 732.0404053, 731.0428467, 730.0448608, 729.0466309, 728.0479736, 727.0490112, 726.0497437, 725.0501099, 724.0501099, 723.0497437, 722.0490723, 721.0480957, 720.0467529, 719.0450439, 718.0429688, 717.0406494, 716.0379028, 715.0348511, 714.0314941, 713.027771, 712.0236816, 711.0192871, 710.0145874, 709.0095215, 708.0040894, 706.9983521, 705.9923096, 704.9859009, 703.979126, 702.9721069, 701.9646606, 700.9569702, 699.9488525, 698.9404907, 697.9317627, 697.0668945, 696.0575562, 695.0479126, 694.0379028, 693.0275879, 692.0169067, 691.0059814, 689.9946289, 688.9830322, 687.9710693, 686.9588013, 685.946228, 684.9332886, 684.0648193, 683.0512695, 682.0374146, 681.0232544, 680.0087891, 678.9939575, 677.9788208, 676.9633789, 675.9476318, 674.9315186, 674.0603027, 673.0436401, 672.0266724, 671.0093384, 669.9916992, 668.9737549, 667.9555054, 666.9368896, 666.0635986, 665.0444336, 664.0249634, 663.005127, 661.9850464, 660.9645996, 659.9439087, 659.0687256, 658.0474243, 657.0258179, 656.0038452, 654.9816284, 653.9591064, 652.9362183, 652.0592651, 651.0358276, 650.012085, 648.9880371, 647.9636841, 646.9390259, 646.0604858, 645.0352783, 644.0097656, 642.9839478, 641.9578247, 640.9313354, 640.0513306, 639.024292, 637.9970093, 636.9694214, 635.9415283, 635.0602417, 634.0317383, 633.0029907, 631.973938, 630.9445801, 630.0620117, 629.0321045, 628.0018921, 626.9714355, 625.9406128, 625.0568237, 624.0255127, 622.9938354, 621.9619141, 620.9296875, 620.0446777, 619.0119019, 617.9788208, 616.9454956, 616.0595093, 615.0256348, 613.9914551, 612.9569702, 612.0700073, 611.0350342, 609.9996948, 608.9641113, 607.9282227, 607.0401001, 606.0037231, 604.96698, 603.9300537, 603.0409546, 602.003418, 600.9656372, 599.9275513, 599.0375366, 597.9989624, 596.960083, 596.0693359, 595.0299683, 593.9902344, 592.9502563, 592.0586548, 591.0181885, 589.977417, 588.9363403, 588.0438232, 587.0022583, 585.9603882, 585.0671387, 584.0247803, 582.9821777, 581.93927, 581.045105, 580.001709, 578.9580078, 578.0632324, 577.0189819, 575.9745483, 574.9298096, 574.0340576, 572.9888306, 571.9432983, 571.046936, 570.0009155, 568.9546509, 568.0576172, 567.0108032, 565.9638062, 565.0661011, 564.0185547, 562.9707031, 562.0723877, 561.0241089, 559.9755249, 558.9266968, 558.0274658, 556.9781494, 555.9285278, 555.0286865, 553.9786377, 552.9282837, 552.027771, 550.9769287, 549.9258423, 549.0247192, 547.9731445, 547.0716553, 546.0195923, 544.9672852, 544.0651245, 543.0123291, 541.9592896, 541.0564575, 540.0029907, 538.9492188, 538.0457764, 536.9915161, 535.9370728, 535.03302, 533.9780273, 533.0736084, 532.0181274, 530.9624634, 530.0574341, 529.0012817, 527.9448853, 527.0391846, 525.9823608, 524.9252319, 524.0189209, 522.9613647, 522.0546875, 520.9966431, 519.9384155, 519.0311279, 517.9724121, 517.0646973, 516.0055542, 514.946106, 514.0378418, 512.9779663, 512.0693359, 511.0090027, 509.9484558, 509.0391846, 507.9781799, 507.068573, 506.0071106, 504.9454041, 504.0351868, 502.973053, 502.0624695, 500.9999084, 499.9370728, 499.0259094, 497.962677, 497.0511169, 495.9874268, 495.0755005, 494.0113831, 492.9470215, 492.0345459, 490.9697571, 490.0569153, 488.9916992, 487.926239, 487.0128174, 485.9469299, 485.0331421, 483.9668579, 483.0527039, 481.9859619, 481.0714722, 480.004303, 478.9369507, 478.0218811, 476.954071, 476.0386353, 474.9704285, 474.054657, 472.9860229, 472.0698853, 471.0008545, 469.9315796, 469.0148926, 467.9452209, 467.0281677, 465.9580994, 465.0407104, 463.9702148, 463.0524902, 461.9815674, 461.0634766, 459.9921875, 459.073761, 458.0020447, 456.9301147, 456.0111694, 454.9388428, 454.0195313, 452.9468079, 452.0271606, 450.954071, 450.0340881, 448.9605713, 448.0402527, 446.9663391, 446.0456848, 444.9713745, 444.0503845, 442.975708, 442.0543823, 440.9793091, 440.0576477, 438.9821777, 438.0602112, 436.9843445, 436.0620422, 434.9858093, 434.0631714, 432.9865417, 432.0635986, 430.9866028, 430.0632935, 428.9859314, 428.0623169, 426.9845886, 426.0606384, 424.9825439, 424.0582581, 422.9797974, 422.0552063, 420.9763489, 420.0514526, 418.972229, 418.0470276, 416.9674377, 416.0419006, 414.9619446, 414.0361328, 412.9558105, 412.0296631, 410.9489746, 410.022522, 408.9414673, 408.0147095, 406.9333191, 406.0062561, 404.9244995, 403.9971313, 403.0696106, 401.9873352, 401.0595093, 399.9768982, 399.0487671, 397.9657898, 397.037384, 395.954071, 395.0253601, 393.9416809, 393.0126648, 391.9286499, 390.9993591, 390.0699158, 388.9853821, 388.0556641, 386.9707947, 386.0407715, 384.9555664, 384.0252686, 382.9397278, 382.0091248, 380.9232788, 379.9923706, 379.0613708, 377.9750061, 377.0437012, 375.9570007, 375.0254211, 373.9384155, 373.0065308, 372.0745544, 370.9870605, 370.0547791, 368.9669495, 368.0343933, 366.9462585, 366.0134277, 364.9249573, 363.9918518, 363.0586243, 361.969696, 361.0361938, 359.9469604, 359.0131836, 357.9236145, 356.989563, 356.0553894, 354.9653931, 354.0309448, 352.9406128, 352.0059204, 351.071106, 349.9803162, 349.0452271, 347.9541626, 347.0187988, 345.9273987, 344.9917908, 344.0560608, 342.9642334, 342.0282593, 340.9361267, 339.9998779, 339.0635376, 337.9709473, 337.0343323, 335.9414673, 335.0046082, 334.067627, 332.9743347, 332.0371094, 330.943512, 330.0060425, 329.0684204, 327.9744263, 327.0365906, 325.9422913, 325.0042114, 324.0660095, 322.971283, 322.0328369, 320.9378357, 319.999176, 319.0603638, 317.9649658, 317.0259399, 315.9302368, 314.9909668, 314.0515747, 312.9555054, 312.0158691, 311.0761414, 309.9796753, 309.0397034, 307.9429626, 307.0027466, 306.0624695, 304.9653015, 304.0247803, 302.9273682, 301.9866028, 301.0457458, 299.947937, 299.0068665, 298.0656738, 296.9674988, 296.026062, 294.9276123, 293.9859924, 293.0442505, 291.9454346, 291.003479, 290.0614014, 288.9622192, 288.019928, 287.0775757, 285.9779968, 285.0354004, 283.9356079, 282.9927979, 282.0498962, 280.949707, 280.0065918, 279.063385, 277.9628601, 277.0194397, 276.0759277, 274.9750366, 274.031311, 272.9301758, 271.9862366, 271.0422058, 269.9407349, 268.996521, 268.0521851, 266.9503784, 266.0058594, 265.0612488, 263.9590759, 263.0142517, 262.0693665, 260.9668579, 260.021759, 259.0765686, 257.9737244, 257.0283508, 255.925293, 254.9797211, 254.0340576, 252.9306641, 251.9848175, 251.0388641, 249.9355469, 248.9950562, 248.0544891, 246.9570465, 246.0162811, 245.0754395, 243.9776917, 243.0366669, 241.9386902, 240.9974823, 240.0561981, 238.9579163, 238.016449, 237.0749054, 235.9763336, 235.0346069, 233.9358215, 232.9939117, 232.0519409, 230.9528503, 230.0106964, 229.0684662, 227.969101, 227.0266876, 225.927124, 224.9845428, 224.0419006, 222.9420471, 221.9992218, 221.0563354, 219.956192, 219.0131378, 218.0699921, 216.969574, 216.0262909, 214.9256744, 213.9822235, 213.0386963, 211.9378204, 210.9941254, 210.0503693, 208.9492188, 208.0052948, 207.0613098, 205.9598999, 205.0157623, 204.0715485, 202.9698792, 202.0255127, 200.9236603, 199.9788971],